{
  "controller/NotFound.controller.js.map": 1692177614374,
  "controller/NotFound.controller.js": 1692100635508,
  "model/formatter.js": 1692100635512,
  "controller/Worklist.controller.js": 1692100635512,
  "controller/Object.controller.js": 1692100635508,
  "model/models.js": 1692100635504,
  "controller/ErrorHandler.js": 1692100635508,
  "controller/BaseController.js": 1692100635504,
  "controller/App.controller.js": 1692100635504,
  "manifest.json": 1692177614069,
  "Component.js": 1692100635488,
  "model/models-dbg.js": 1692100635504,
  "model/models.js.map": 1692177614370,
  "model/formatter-dbg.js": 1692100635512,
  "model/formatter.js.map": 1692177614370,
  "controller/Worklist-dbg.controller.js": 1692100635512,
  "controller/Worklist.controller.js.map": 1692177614412,
  "controller/Object-dbg.controller.js": 1692100635508,
  "controller/Object.controller.js.map": 1692177614385,
  "controller/NotFound-dbg.controller.js": 1692100635508,
  "i18n/i18n.properties": 1692100659939,
  "controller/ErrorHandler-dbg.js": 1692100635508,
  "controller/ErrorHandler.js.map": 1692177614399,
  "controller/BaseController-dbg.js": 1692100635504,
  "controller/BaseController.js.map": 1692177614399,
  "controller/App-dbg.controller.js": 1692100635504,
  "controller/App.controller.js.map": 1692177614398,
  "Component-dbg.js": 1692100635488,
  "Component.js.map": 1692177614403,
  "Component-preload.js": 1692177614677,
  "Component-preload.js.map": 1692177614677,
  "view/Worklist.view.xml": 1692177590926,
  "view/ObjectNotFound.view.xml": 1692100635520,
  "view/Object.view.xml": 1692100635520,
  "view/NotFound.view.xml": 1692100635516,
  "view/App.view.xml": 1692100635516,
  "index.html": 1692100635488
}